name,description
3Dプリンティング,"・3Dプリンティング設備を用いて、要求通りに製品・部品の製造を行うことができるスキル。
・具体的には、プリンティングを行う製品の3Dモデルを設計し、プリント条件を調整することができるスキルが該当する。
・製作する構造物の強度や耐熱性を加味したうえで、適切な材料を選定するための、金属材料・セラミックス・複合材料など材料に関する知識を有することが望ましい。"
EMC設計・解析,"・電子機器が発する電磁波が他の電子機器に干渉しないか（EMI：放射）、またはほかの機器からの電磁波によって誤作動しないか（EMS:耐性）を確認するための設計・解析を行うことができるスキル。
・特に、人工衛星の開発においては、人工衛星から発生する電磁ノイズや外部からの電磁ノイズに対して、機器の誤作動防止や運用目的要件達成への影響を制御するために、EMC設計・解析が求められる。"
EMC試験,"・設計通りのEMC性能（EMI・EMS）を有しているかの試験を行うことができるスキル。
・特に、人工衛星から発生する電磁ノイズや外部からの電磁ノイズに対して、機器の誤作動防止や宇宙機の運用目的達成要件への影響検証などのスキルが該当する。"
IR（情報開示）,"・投資家・株主等のステークホルダーに対して、適切な情報開示を行うことができるスキル。
・具体的には、財務情報・事業戦略の整理、説明資料の作成、説明会対応などのスキルが該当する。
・特に、宇宙分野においては、長期的な投資回収や技術的な不確実性を伴う業界特性のために、専門性を踏まえた透明性の高い情報開示が求められる。"
PR・広報,"・企業の活動や価値を社内外に効果的に伝えるスキル。
・具体的には、プレスリリース作成、ニュースレターの発行、SNS運用、展示会・セミナーでの広報活動などのスキルが該当する。
・特に、宇宙分野においては、社会的理解の促進やステークホルダーとの信頼構築において必要となる。"
SAR（合成開口レーダ）センサ,"・SARセンサの原理、観測手法、応用技術、撮像可能な事象等に関する知識を有し、業務に活用できるスキル。
・具体的には、合成開口レーダーの原理、干渉SAR・偏波SAR等の手法、地形解析・変位計測への応用に関する理解が該当する。
・特に、宇宙分野においては、全天候・昼夜対応の観測スキルを活かした地表面変化の検出が求められる。"
SRE（Site Reliability Engineering）プロセス,"・開発と運用が連携し、サービスの信頼性とリリース効率を向上させるSRE（Site Reliability Engineering：サイト信頼性エンジニアリング）プロセスの運用を行うことができるスキル。
・具体的には、CI/CD（ソフトウェアの変更を常にテストし、自動で本番環境に適用できるような状態にしておく開発手法）、モニタリング、障害対応、インシデント管理などのスキルが該当する。
・特に、宇宙分野においては、人工衛星運用や地上設備の安定稼働を支えるため、24時間体制での信頼性管理が求められる。
※SREとは、ソフトウェアツールを使用して、システム管理やアプリケーション監視等のITインフラのタスクを自動化する手法。"
SSA/SDA（宇宙状況把握）,"・宇宙状況把握（SSA/SDA）に関する知識を有し、業務に活用できるスキル。
・具体的には、軌道追跡、宇宙デブリ、回避行動に必要な制約条件（燃料、運用スケジュール、国際ガイドライン等）、人工衛星の識別、センサデータの統合解析、脅威評価、可視化・通知システム等に関する理解が該当する。"
はんだ付け,"・母材を溶融させずに、はんだを使用して金属面を接合することができるスキル。
・業務にあたるうえで技能講習の受講が望ましい。"
アッセンブリ,"・複数個の部品・デバイス・コンポーネントから、コンポーネントやサブシステムの組立て完成品を製造するスキル。
・デバイスとは、小型モータ、電池等の数個の部品と筐体を組み合わせ、コンポーネントまたはサブシステムの中である特定の機能を遂行するものを指す。
・コンポーネントとは、アクチュエータ、バッテリ等の複数の部品、デバイスおよび筐体を組み合わせ、サブシステムまたはシステムの一部を構成し、運用の中で独立した機能を遂行するものを指す。"
インサート処理作業,"・宇宙機の構造部品や電子機器筐体等におけるボルトの雌ネジとなる部分に、インサート処理を適切に行うことができるスキル。
・業務にあたるうえで技能講習の受講が望ましい。
※雌ネジのインサート処理とは、雌ネジ部分の補強やゆるみ止めを目的とし、アルミ部材や複合材に対し用いられる。"
インシデント対応,"・業務上のトラブルや障害等のインシデントに対して、迅速かつ的確に対応を行うことができるスキル。
・具体的には、インシデントの検知・初動対応、関係者との情報共有、原因分析、再発防止策の策定・実施、対応記録の整理・報告などのスキルが該当する。
・特に、宇宙分野においては、ミッションの安全性や継続性を確保するために、リアルタイムでの異常対応や、関係機関との連携を含む包括的な対応体制の構築・運用が求められる。"
カシメ作業,"・電線やコネクター端子を接合する際に、適切な手順でカシメ作業を行うことができるスキル。
・業務にあたるうえで技能講習の受講が望ましい。
※カシメ作業とは、圧力を利用した部品の接合を指す。"
ガバナンス管理,"・組織や活動全体における意思決定・監督・執行の分離と、情報の透明性・説明責任を確保する体制の設計および運用を行うことができるスキル。
・具体的には、取締役会・監査役・委員会等の設計、社内規程や業務プロセスの整備、経営・事業活動に対する監督機能の構築、情報公開や内部統制の仕組みづくりなどのスキルが該当する。
・特に、宇宙分野においては、国家プロジェクトや安全保障関連活動における高い透明性と説明責任を果たすための、制度的・組織的なガバナンス体制の構築が求められる。"
クラウドインフラ,"・クラウド環境でデータを管理・運用することができるスキル。
・具体的には、クラウドストレージの利用、データ連携、セキュリティ設定、クラウドサービスの活用などのスキルが該当する。
・特に、宇宙分野においては、衛星データの大容量処理や国際連携を前提としたクラウド基盤の設計・運用が求められる。"
クレーン・玉掛,"・宇宙機部品の吊り上げ・移送に必要なクレーン操作を安全に行うことができるスキル。
・具体的には、吊り具の選定、荷の重心確認、合図による連携、吊り荷の安定化措置などのスキルが該当する。
・業務にあたるうえで技能講習の受講が望ましい。"
グラウンドトゥルース管理,"・観測データやモデルの精度を評価するために、基準となる正確な情報を取得・管理するスキル。
・具体的には、衛星画像やセンサデータの検証に用いる現地測定値や高精度参照データを収集・整備し、解析やアルゴリズム評価に活用するスキルが該当する。
※グラウンドトゥルースとは、衛星データなどの精度検証のために、現地で直接観測・測定された「真実の」データ（正解データ）のこと。"
コストマネジメント,"・プロジェクトを承認された予算内で完遂するためのコスト管理ができるスキル。
・具体的には、コスト管理計画の策定、コストの見積もり、予算の決定、コスト制御などのスキルが該当する。
・特に、宇宙輸送機や人工衛星の開発においては、限られた予算内でプロジェクトを完遂させることや、各サブシステムや業務工程ごとの多数のプロジェクトのコストマネジメントを行うことが求められ、その際に、QCD(品質・コスト・納期)の管理が重要事項となる。"
コミュニケーションマネジメント,"・プロジェクトおよびそのステークホルダーの情報ニーズを満たすために、成果物の作成および適切な情報連携を行うことができるスキル。
・具体的には、コミュニケーションマネジメント計画の策定、コミュニケーションの管理、コミュニケーションの監視などのスキルが該当する。
・特に、宇宙輸送機や人工衛星の開発においては、多種多様なステークホルダーと連携し、状況管理や各所へのフィードバックを行うことが求められる。"
コンピュータ設計・解析,"・データ処理を担うコンピュータの設計・解析を行うことができるスキル。
・具体的には、プログラミングや電子回路設計のほか、デジタル信号処理技術の実装などのスキルが該当する。
・特に、宇宙輸送機や人工衛星の開発においては、各サブシステムからのデジタル信号や内部・外部環境のアナログ信号を処理し、適切な制御・通信を実現するオンボードコンピュータの設計・解析が求められる。"
コンプライアンス管理,"・法令・規則・社内ルールの遵守を徹底する体制の構築および運用を行うことができるスキル。
・具体的には、関連法令の把握と対応方針の策定、社内教育の実施、違反リスクの監視、是正措置の実行、内部通報制度の整備などのスキルが該当する。
・特に、宇宙分野においては、輸出管理や安全保障貿易管理などの国際的な法制度に対し、遵守状況を継続的に監視・評価し、組織としての説明責任を果たすための体制運用と改善活動を行うことが求められる。"
サイバーセキュリティ（ITシステム）,"・組織やシステムをサイバー攻撃や情報漏洩などの脅威から守り、安全な運用を実現することができるスキル。
・具体的には、アクセス権管理、情報分類、セキュリティポリシー策定、従業員教育などの組織的管理に加え、脅威分析、セキュリティ設計、暗号技術の適用、インシデント発生時の対応などのスキルが該当する。"
サイバーセキュリティ（宇宙システム）,"・宇宙システム（衛星、地上局、通信・データ利用システムなど）特有の制約と脅威を踏まえ、設計段階から安全性を組み込み、ミッションの安全かつ継続的な運用を実現することができるスキル。
・具体的には、コマンド認証と暗号化（CCSDSに準拠した方式、量子暗号・光暗号など）、電波ジャミングやGNSSスプーフィング耐性設計、アップリンク権限管理、広域通信の傍受対策、RTOS脆弱性管理、地上局ネットワーク分離と運用認証、サプライチェーンリスク管理、FPGA/SoCの真正性検証、インシデント対応（偽テレコマンド、不正ファーム更新、通信妨害など）などのスキルが該当する。"
サービス設計,"・ユーザーの要望や利用状況に基づき、サービスの機能や構造等の設計を行うことができるスキル。
・特に、宇宙分野においては、宇宙機や衛星データなどに関する技術的側面（例：輸送可能総量、人工衛星による観測性能等）と運用的な側面（例：契約から打上げまでにかかる期間、人工衛星の観測周期等）を踏まえ、多様なステークホールだーに対応したサービス設計が求められる。"
システムズエンジニアリング,"・宇宙機および地上設備の設計・解析において、システム全体の要求をサブシステム・コンポーネントレベルの設計要求へと適切に分解・定義することができるスキル。
・具体的には、宇宙機全体の機械環境条件を設定し、個々の搭載機器の設計・選定に必要な要求を導出するスキルが該当する。
・特に、宇宙分野においては、初期設計段階における要求定義、設計仕様書の作成、設計変更時の影響評価等の場面で必要となる。"
シナリオプランニング,"・不確実性の高い将来に対し、技術・政策・市場動向等の変化を想定した複数の展開シナリオを構築し、それぞれにおけるリスク・機会・戦略的対応策を検討することができるスキル。
・特に、宇宙分野においては、長期的な技術進展や国際協調の変化を見据えたシナリオを構築できるスキルが求められる。"
スコープマネジメント,"・プロジェクトに含む範囲と含まない範囲を定義し、制御することができるスキル。
・具体的には、スコープ計画の策定、要件定義、WBS（作業分解構成図）の作成、スコープの検証、スコープのコントロールなどのスキルが該当する。
・特に、宇宙輸送機や人工衛星の開発においては、各サブシステムや業務工程ごとにスコープを設定し、管理することが求められる。"
ステークホルダーマネジメント,"・プロジェクトに関連するステークホルダーの特定と、ステークホルダーの期待・プロジェクトへの影響分析に基づき、プロジェクトの意思決定と実行にステークホルダーを効果的に関与させるための適切な管理戦略を策定することができるスキル。
・具体的には、ステークホルダーの特定、ステークホルダーエンゲージメントの計画、ステークホルダーエンゲージメントの管理、ステークホルダーエンゲージメントの監視などのスキルが該当する。
・特に、宇宙輸送機や人工衛星の開発においては、多種多様なステークホルダーを巻き込んだプロジェクトの推進が求められる。"
ステークホルダー調整,"・地域住民・関連団体に対する事業説明、および心配点・疑問点に対するヒアリングと対応を行うことができるスキル。
・具体的には、農業・漁業・林業・畜産業など、周辺産業への影響調査と対応、法律により規制が出来ない船舶の運航に対する調査、および飛行安全海域確保のための調整などのスキルが該当する。"
ソフトウェアエンジニアリング,"・ソフトウェアエンジニアリングの方法論をもとに、制御系や通信系、ミッション機器（放送用中継器、気象観測機器、地球観測機器、科学観測機器等）等に関するソフトウェアシステムの開発等を行うことができるスキル。
※ソフトウェアエンジニアリングとは、ソフトウェアを複数の機能やモジュールに分割して管理を行い、それらを組み合わせてテストを実施し、全体のソフトウェアシステムの設計にフィードバックを反映する等の一連の開発サイクルにおける進捗状況を体系的に管理することによって、効率的なソフトウェアの開発を目指すアプローチ手法。"
タイムマネジメント,"・プロジェクトを計画の期間通りに完了させるためのスケジュール管理を行うことができるスキル。
・具体的には、スケジュール管理計画の策定、活動要件の定義、活動要件の順序設定、活動期間の見積もり、スケジュールの作成、スケジュールのコントロールなどのスキルが該当する。
・特に、宇宙輸送機や人工衛星の開発においては、定まった打上げ予定日までにプロジェクトを完遂させることや、各サブシステムや業務工程ごとの多数のプロジェクトのタイムマネジメントを行うことが求められ、その際に、QCD(品質・コスト・納期)の管理が重要事項となる。"
データベース設計,"・データの構造を設計し、安全かつ信頼性のある管理を行うことができるスキル。
・具体的には、ユーザー情報・履歴・コンテンツ等のスキーマ設計、正規化、インデックス設計などのスキルが該当する。
・特に、宇宙分野においては、衛星データや運用履歴などの長期保存・検索性を考慮した設計が求められる。"
データマネジメント,"・データに関する品質・セキュリティ・統制を維持し、整備・運用を行うことができるスキル。
・具体的には、メタデータ管理、データライフサイクル管理、データガバナンス体制の構築・運用などのスキルが該当する。
・特に、宇宙分野においては、衛星データの真正性・機密性・可用性を確保するための管理が求められる。"
データ前処理・アノテーション技術,"・取得したデータを整形・加工し、機械学習や解析に適した形式への変換を行うことができるスキル。
・具体的には、欠損値処理、正規化、ラベリング、アノテーションツールの活用などのスキルが該当する。
※アノテーションとは、テキスト、音声、画像などのデータにタグやメタデータと呼ばれる情報を付けていく工程のこと。"
ネジ固着作業,"・接着剤等を適切に使用し、ネジを完全に固着させる作業を行うことができるスキル。
・業務にあたるうえで技能講習の受講が望ましい。"
ネジ締め付け作業,"・耐腐食性・耐酸化性・耐摩耗性・耐振動性・過酷な条件下（低温~高温、低圧・高圧等）等を考慮して、最適なねじを選定し、緩みのない締め付け、トルク確認を適切に実施できるスキル。
・業務にあたるうえで技能講習の受講が望ましい。"
ネットワーク設計・解析,"・コンピューターや通信機器が相互にデータを連携するためのネットワークの設計・解析を行うことができるスキル。
・具体的には物理的な配線・機器の配置、通信プロトコルやアドレス割り当て、セキュリティ対策等の設計・解析などのスキルが該当する。
・特に、宇宙機の開発においては、宇宙輸送機や人工衛星の通信機と地上局を接続する回線であるスペースリンクサブネットワークや、人工衛星内のネットワークであるオンボードサブネットワークの設計・解析が求められる。"
ハーネス組付け,"・電気信号や電力を伝達するために必要な電線やケーブル等をまとめたハーネスの製造を行うことができるスキル。
・具体的には、電線の切断、導線の露出、端子の圧着、コネクタの取り付け、配線、検査などのスキルが該当する。
・使用する金属の種類に対して、性質の理解を有することが望ましい。"
バックエンド設計,"・ソフトウェアにおけるユーザーが直接操作しない裏側の処理（バックエンド）を設計・実装するスキル。
・具体的には、API設計、データベース連携、認証処理の構築などのスキルが該当する。
・特に、宇宙分野においては、衛星データの取得・処理・配信に関する高信頼・高可用性の設計が求められる。"
ビジネスモデル設計,"・製品・サービスの価値定義から提供、収益化に至るまでの仕組みを構想・設計することができるスキル。
・具体的には、顧客セグメント、提供価値、チャネル、顧客関係、収益の流れ、主要資源・活動・パートナー、コスト構造等の設計スキルが該当する。
・特に、宇宙分野においては、輸送サービス、衛星観測、通信サービス、地理空間情報の提供など多様な価値提供手段が存在し、事業開発までに多くの投資や期間がかかることや、顧客層も多様であるなどの業界特性に鑑み、ビジネスを設計するスキルが求められる。"
フロントエンド設計,"・ソフトウェアにおけるユーザーが直接操作する画面や機能（フロントエンド）を設計・実装するスキル。
・具体的には、必要なコーディング作業を行い、画面構成・操作性・レスポンスに関するデザイン、アクセシビリティの設計、ユーザー行動に基づくUI改善スキルなどが該当する。
・特に、宇宙分野においては、衛星データの閲覧ツールや運用支援システム・プログラミングソフト等を用いた専門的な情報を扱うUIの設計と、操作性・視認性の高いインタフェース構築が求められる。"
ブランディング,"・企業やサービスの価値・認知を高めるブランド戦略を構築・運用するスキル。
・具体的には、ブランドコンセプトの設計、メッセージ開発、社内外への浸透活動などのスキルが該当する。
・特に、宇宙分野においては、技術革新・社会貢献・国家戦略との関係性を踏まえたブランド構築が重要であり、信頼性・先進性・公共性を訴求する戦略が求められる。"
プロジェクト統合マネジメント,"・プロジェクト内におけるさまざまなプロセスやプロジェクトマネジメント活動を特定・定義・結合・統一・調整するための活動を行うことができるスキル。
・プロジェクトの開始から完了まで必要なスキルであり、具体的には、資源配分、需要と供給のバランス、代替案の検討、プロジェクトの目標に合わせたプロセスの調整などのスキルが該当する。
・特に、宇宙輸送機や人工衛星の開発においては、各サブシステムや業務工程ごとの多数のプロジェクトを管理することが求められる。"
ミッション実行オペレーション,"・人工衛星に搭載されたミッション機器（放送用中継器、気象観測機器、地球観測機器、科学観測機器等）との通信・制御を実施するための運用手順を理解し、実行できるスキル。
・具体的には、観測機器の起動・停止、観測モードの切替、データ取得タイミングの調整などのスキルが該当する。"
メディア対応管理,"・報道機関やSNS等を通じて、企業情報を適切に発信・管理するスキル。
・具体的には、プレスリリース作成、取材対応、危機時の情報発信などのスキルが該当する。
・特に、宇宙分野においては、打上げや人工衛星の運用など社会的注目度の高いイベントに対する迅速かつ正確な情報発信や、事故・トラブル時のリスクコミュニケーションが重要となる。"
モデルベース開発,"・モデルベース開発手法（システムズエンジニアリングの考えを用いて、コンピュータ上でシミュレーションを行うモデルを作成し、モデルを使用して設計や解析等のシステム開発を行うアプローチ及び手法）を用いて、システムの要求水準の整理、仕様・設計の検討、製造、検証・妥当性確認等を行うことができるスキル。
・具体的には、開発と検証を並行して行い、設計品質の向上や設計の不具合による後戻りを低減することによって生産性向上を実現するために用いられる。"
ユーザビリティ（UX）設計,"・製品・サービス・システムを、利用者が使いやすく、理解しやすく、目的を達成しやすい状態に設計するスキル。
・具体的には、ユーザーの業務プロセスや利用環境を踏まえた課題の抽出、サービス機能や画面構成の設計、操作性・可用性・信頼性の評価、業務フローや物理的環境を含めた顧客体験全体の改善提案等のスキルが該当する。
・特に、宇宙分野においては、複雑な宇宙システムを安全かつ確実に運用できるよう、複雑な情報や操作を直感的に誤操作なく扱えるように設計するスキルが求められる。"
リスクマネジメント,"・リスクの発生確率と影響を管理し、プロジェクトの成功可能性を最大化することができるスキル。
・具体的には、リスク管理計画の策定、リスクの識別、定性的・定量的リスク分析の実施、リスク対応計画の策定、リスク対応の実施、リスクの監視などのスキルが該当する。
・特に、宇宙輸送機や人工衛星の開発においては、安全性や信頼性の観点を考慮したり、コストや納期等の管理を通じた、プロジェクト全体のリスク最小化が求められる。"
リベット作業,"・宇宙機の構造部品等において、リベットを用いて機械結合を適切に行うことができるスキル。
・業務にあたるうえで技能講習の受講が望ましい。"
リモートセンシング,"・リモートセンシングにおける衛星の軌道、撮像方法、センサの種類等の基本構造と観測原理に関する知識を有し、業務に活用できるスキル。
・具体的には、観測目的に応じた物理量（反射率、輝度温度、偏波特性等）の選定方法、観測モード、センサ選定に関する理解が該当する。
・特に、宇宙分野においては、観測目的に応じた軌道設計やセンサ構成の選定が求められる。"
ロボティクス,"・ロボティクスの構成要素および制御技術に関する知識を有し、業務に活用できるスキル。
・具体的には、アクチュエータ・センサ・制御系の構成、宇宙環境下での動作特性、遠隔操作・自律制御技術に関する理解が該当する。
・特に、宇宙分野においては、宇宙機器の操作や保守作業における自律・遠隔制御技術の活用が求められる。"
一般法務手続き対応,"・契約・法令遵守等に関する業務を遂行するスキル。
・具体的には、契約書の作成・レビュー、法的リスクの評価、コンプライアンス対応などのスキルが該当する。
・特に、宇宙分野においては、国際法や宇宙法、輸出管理等の特殊な法制度への対応が必要となる場面で重要となる。"
予算・資金管理,"・事業活動における予算編成・資金運用を行うことができるスキル。
・具体的には、予算計画の策定、キャッシュフロー管理、リスク評価、財務報告の作成などのスキルが該当する。
・特に、宇宙分野においては、長期プロジェクトにおける予算管理や、不確実性の高い環境下での資金運用が求められる。"
人工衛星システム,"・人工衛星の全体構成および構成要素に関する知識を有し、業務に活用できるスキル。
・具体的には、人工衛星の全体構成・機能の理解、その構成要素である電力・通信・熱制御等のバス系（人工衛星の構造系や電源系等の共通的な機構）、ペイロード構成、ミッション搭載機器（宇宙機の運用目的達成のために必要な特殊な機器）に関する理解が該当する。
・特に宇宙分野においては、技術革新のスピードが速いため、新技術や近年のトレンドも把握し、業界の変化に柔軟に対応することが求められる。"
人材配置・評価,"・人材のスキルや適性を評価し、業務やプロジェクトに応じた適切な配置を行うことができるスキル。
・具体的には、評価基準の設計、KPIの設定、長期プロジェクトにおける人材の継続的評価、配置戦略の策定などのスキルが該当する。
・特に、宇宙分野においては、専門性・継続性・安全性を考慮した人材配置や、定量評価が困難な業務への対処が求められる。"
保全性設計,"・故障や異常をいち早く検知し、システムを復旧させるような仕組みの設計を行うことができるスキル。
・具体的には、各種設計・解析項目において、維持や復旧に関する要件を設計要件に反映することができるスキルが該当する。
・特に、宇宙輸送機や人工衛星の開発においては、各種設計段階において宇宙機の故障や異常をいち早く検知する仕組みや、復旧のための仕組みの設計が求められる。"
信号処理技術,"・人工衛星から送信されるアナログ・デジタル信号の解析・変換・復元を行うことができるスキル。
・具体的には、フィルタリング、フーリエ変換（信号を周波数成分に分解して解析する手法）、ノイズ除去、変調・復調などのスキルが該当する。
・特に、宇宙分野においては、テレメトリ信号の解析や通信系の信号復元、地上局での受信処理において必要となる。"
信頼性設計,"・製品やシステムを設計する際に、信頼性（壊れにくさや安定性）を考慮して設計することができるスキル。
・具体的には、各種設計・解析項目において、潜在的な故障要因の特定、冗長性の確保、FTA・FMEA（故障モード影響解析）等のスキルが該当する。
・特に、宇宙輸送機や人工衛星の開発においては、「設計余裕の確保及び故障リスクの最小化」、「故障許容設計」が重要度の高い項目として求められる。"
光学センサ,"・光学センサの構造、撮像原理、設計要素、撮像可能な事象等に関する知識を有し、業務に活用できるスキル。
・具体的には、可視・赤外・紫外等の波長帯、分解能・視野角・感度等の設計要素に関する理解が該当する。
・特に、宇宙分野においては、対象物の特性に応じた波長帯の選定や撮像性能の最適化が求められる。"
公的資金管理,"・政府機関からの補助金・委託費等の公的資金を適正に管理・報告するスキル。
・具体的には、収支報告書の作成、経費内訳書の整備、制度要件の理解、監査対応などのスキルが該当する。
・特に、宇宙分野においては、公的機関からの委託費・補助金の適正管理と制度要件への対応が求められる。"
労務,"・従業員の就業環境・制度・法令遵守を適切に管理するスキル。
・具体的には、勤怠管理、社会保険手続き、安全衛生管理、労使関係対応などのスキルが該当する。
・特に、宇宙分野においては、外国籍従業員の在留資格管理や言語・文化面での配慮が求められる場面が多く、国際的な労務対応も重要となる。"
化学推進（固体燃料） システム設計・解析,"・化学推進（固体燃料）システム（※以下、固体推進システム）の開発において、燃焼時の温度・圧力に耐えうる材料の選定や構造の設計、燃焼方法の検討、燃焼室の冷却検討を行うことができるスキル。
※固体推進システムとは、宇宙輸送機における、固体燃料を使用した推進器を指し、点火装置・燃焼室・ノズル等から構成され、固体燃料の点火とともに一気に燃焼する推進システムのこと。"
化学推進（液体燃料） システム設計・解析,"・化学推進（液体燃料）システム（※以下、液体推進システム）の開発において、燃焼時の温度・圧力に耐えうる材料の選定や構造の設計、燃焼方法の検討、焼却の冷却検討、推進力制御システムの設計を行うことができるスキル。
・液体推進システムとは、宇宙輸送機や人工衛星における、液体燃料を使用した推進器を指し、点火装置・燃焼室・ノズルのほかに、タンク・バルブ・ターボポンプ等から構成され、燃焼の開始・停止および推進力の調整など精密な誘導制御が可能な推進システムのこと。"
危険物管理（その他）,"・宇宙機の開発・運用において取り扱われる、極低温流体・火薬類・高圧ガス・放射線以外の危険物に関する安全管理を理解し、実行できるスキル。
・具体的には、腐食性物質（例：過酸化水素）、毒性物質（例：ヒドラジン系燃料）、可燃性液体、有機溶剤などの性質理解、保管・取扱手順の遵守、漏洩・暴露・火災等のリスク評価と対策などのスキルが該当する。"
危険物管理（放射線）,"・放射線源（X線装置、放射性同位体等）の取り扱いに関する安全管理を理解し、実行できるスキル。
・具体的には、放射線の種類・影響の理解、遮蔽・距離・時間による防護、線量管理・測定、法令遵守をなどのスキルが該当する。"
危険物管理（極低温流体）,"・極低温で管理される宇宙機の液体燃料（例：液体酸素、液体水素など）の取り扱いに関する安全管理を理解し、実行できるスキル。
・具体的には、極低温流体の物性理解、取扱手順の遵守、設備・容器の管理、漏洩・凍傷等のリスク対策などのスキルが該当する。
・特に、宇宙機の液体燃料（例：液体酸素、液体水素など）は極低温で管理されるため、地上試験や燃料充填作業において厳格な安全管理が求められる。"
危険物管理（火薬類）,"・火薬類（推進薬、点火薬等）の取り扱いに関する安全管理を理解し、実行できるスキル。
・具体的には、火薬類の分類・性質の理解、保管・運搬・使用時の安全手順の遵守、爆発リスクの評価・対策などのスキルが該当する。"
危険物管理（高圧ガス）,"・高圧ガス（ヘリウム、窒素等）の取り扱いに関する安全管理を理解し、実行できるスキル。
・具体的には、ガスの圧力・温度特性の理解、容器・配管の管理、漏洩・破裂リスクへの対応などのスキルが該当する。"
品質マネジメント,"・ステークホルダーの期待値を達成するために、プロジェクトおよび製作物の品質を管理することができるスキル。
・具体的には、品質管理計画の策定、品質管理、品質コントロールなどのスキルが該当する。
・特に宇宙輸送機や人工衛星の開発においては、高い安全性・信頼性を担保することができるスキル等が該当する。また、各サブシステムや業務工程ごとの多数のプロジェクトの品質マネジメントを行うことが求められ、その際に、QCD(品質・コスト・納期)の管理が重要事項となる。"
営業・顧客対応,"・既存顧客との関係を維持・強化し、サービス提供を円滑に行うことができるスキル。
・具体的には、顧客とのコミュニケーション、課題ヒアリング、提案・契約・アフター対応などのスキルが該当する。
・特に、宇宙分野においては、技術的専門性を踏まえた説明力と、官民・海外顧客への対応力が求められる。"
回路設計・解析,"・電気信号の流れを制御し、機器が正しく動作するための電子回路の設計・解析を行うことができるスキル。
・具体的には、部品の選定や配置等の設計、ソフトウェアを使用した解析などのスキル等が該当する。"
土木設計・施工管理,"・宇宙関連施設（射場、整備棟、搬送路など）の土木構造物に関する設計・施工管理を行うスキル。
・具体的には、基礎工事、舗装、耐震設計、排水計画、地盤調査などを実施するスキルが該当する。
・特に、宇宙分野では、打上げ設備の重量・振動条件や特殊環境（塩害、風圧）への対応が求められる。"
地上局制御オペレーション,"・地上局において、人工衛星との通信リンクを確立・維持するために、アンテナを人工衛星の軌道に合わせて正確に指向・追尾し、テレメトリデータの受信およびコマンドの送信を行うことができるスキル。
・具体的には、運用管制局で作成された軌道予報値を用いたアンテナの指向や、S帯・X帯・Ka帯等の適切な周波数帯を選択した通信などのスキルが該当する。"
地理情報システム（GIS）,"・地理情報システム（GIS）に関する知識を有し、業務に活用できるスキル。
・具体的には、GIS/WEBGISの操作手法、空間データの構造、地図投影法、属性情報の管理、リモートセンシングデータとの統合解析に関する理解が該当する。
・特に、宇宙分野においては、衛星データを活用した空間情報の解析・可視化の際に求められる。"
塗装作業,"・宇宙機に用いられる特殊な塗料を使用し、構造部材や搭載機器に対し塗装を適切に行うことができるスキル。
・使用する塗料や、下地処理に対する知識も必要であり、業務にあたるうえで技能講習の受講が望ましい。"
外為・国際財務対応,"・国際的な取引や貿易において、金融機関と協同しながら、外国通貨における取引を行うことができるスキル。
・具体的には、為替予約、信用状の発行、国際送金、金融機関との調整などのスキルが該当する。
・特に、宇宙分野においては、海外企業との契約や部品調達、打上げサービスの利用に伴う国際財務対応が求められる。"
姿勢制御系の設計・解析,"・宇宙輸送機や人工衛星の姿勢（向きなど）を制御するための設計・解析を行うことができるスキル。
・具体的には、センサやアクチュエータの選定・製造、制御アルゴリズムの開発、シミュレーション解析などのスキルが該当する。"
宇宙保険,"・宇宙活動に伴うリスクと、それに対応する保険制度の構造・適用範囲に関する知識を有し、業務に活用できるスキル。
・具体的には、打上げ・運用・第三者責任に関する保険制度、保険料算定のためのリスク評価、保険契約の構造、ミッション特性に応じた保険条件の検討・選定に関する理解が該当する。
・特に、宇宙分野においては、打上げ失敗や運用中の障害など、リスク特性に応じた補償内容の判断が求められる。"
宇宙居住空間・構造物,"・宇宙空間における構造物の設計思想、機能、安全性に関する知識を有し、業務に活用できるスキル。
・具体的には、与圧・非与圧構造、遮蔽材や構造設計、展開構造、モジュール接続、宇宙環境（熱・放射線・微小重力等）への対応に関する理解が該当する。
・特に、宇宙分野においては、宇宙ステーション、月面基地、衛星プラットフォームなどの構造設計において、ミッション要件や安全性・信頼性を満たすための設計が求められる。"
宇宙環境・宇宙生命維持,"・宇宙空間における生命維持に必要な環境条件と、それに対応する技術・生理的影響に関する知識を有し、業務に活用できるスキル。
・具体的には、酸素供給・二酸化炭素除去・温度管理・廃棄物処理、生理・心理的影響に関する理解が該当する。
・特に、宇宙分野においては、閉鎖環境における長期滞在に向けた生命維持システムの設計と評価が求められる。"
宇宙環境条件の反映（設計・解析）,"・宇宙輸送機や人工衛星の開発において、宇宙環境における温度や放射線、電磁波等を加味したうえでの設計・解析を行うことができるスキル。
・具体的には、熱解析、放射線耐性評価、電磁干渉対策など、宇宙環境に起因する物理的影響を考慮した設計・解析などのスキルが該当する。
・特に、宇宙分野においては、長期運用や深宇宙探査における過酷な環境条件への耐性設計が求められる。"
宇宙輸送システム,"・宇宙輸送機の全体構成、および構成要素に関する知識を有し、業務に活用できるスキル。
・具体的には、輸送機（ロケット）や再使用型輸送機の全体構成・機能の理解、その構成要素である構造系・推進系・誘導制御系・地上支援設備との連携等に関する理解が該当する。
・特に宇宙分野においては、技術革新のスピードが速いため、新技術や近年のトレンドも把握し、業界の変化に柔軟に対応することが求められる。"
宇宙関連法制度・条約対応,"・宇宙開発分野に係る法令（宇宙基本法や宇宙活動法、宇宙資源法、衛星リモートセンシング法等といった国内宇宙法、宇宙５条約やソフトローを含む国際宇宙法等）に関する知識を有し、業務に活用できるスキル。
・具体的には、宇宙ビジネス実施に必要な許認可取得、契約書の法的整理、国際条約との整合性確認などのスキルが該当する。
・特に、宇宙分野においては、打上げ・衛星運用・データ提供等に関する国内外の法制度への対応が不可欠であり、事業の合法性と持続性を確保するための法的知識が求められる。"
安全保障,"・安全保障に関する制度・技術・運用上の留意点に関する知識を有し、業務に活用できるスキル。
・具体的には、国家安全保障政策、国際的な安全保障体制、デュアルユース技術の管理、輸出管理、危機管理体制の構築等に関する理解が該当する。
・特に、宇宙分野においては、国家間の技術移転や機微情報の保護に対し、法制度や国際的枠組みに基づいた監視・対応を行うことが求められる。"
安全保障貿易管理,"・外国為替及び外国貿易法（外為法）に基づき、適切な貨物の輸出と技術の提供を行うことができるスキル。
・具体的には、該非判定書の作成、取引審査、出荷管理、技術提供に関する社内体制整備、経済産業省との調整などのスキルが該当する。
・特に、宇宙分野においては、軍事転用可能な衛星部品や通信技術を扱う場面が多く、外為法に基づいた厳格な管理と国際的な規制対応が求められる。
※外為法とは、安全保障上の懸念主体への武器や軍事転用可能な民生用の貨物、技術の移転を防ぐために輸出規制を規定する法律。"
安全性設計,"・製品やシステムを設計する際に、安全性を考慮して設計することができるスキル。
・具体的には、各種設計・解析項目において、ハザード解析や、使用頻度等を考慮した安全に使用できる要件の反映などのスキルが該当する。
・特に、宇宙輸送機や人工衛星の開発においては、各設計・製造・試験段階にて、「故障許容設計」・「リスク最小設計」・「リスク評価」を行うことが求められる。"
射場安全管理,"・宇宙輸送機の打上げに用いる射場の安全管理を行うことができるスキル。
・宇宙輸送機の搬送に伴う安全の管理や、宇宙輸送機の推進剤や性能・機能等を考慮し、打上時の有事を想定したシミュレーションを行うことや、それに応じた適切な安全確保などのスキルが該当する。
・特に、高圧ガス設備、危険物設備、放射線関連設備、火薬類取扱設備、推薬管理に関する知識や経験、場合によっては資格が求められる。"
建築設備設計・管理（電気・機械）,"・宇宙関連施設における電気設備・機械設備の設計・管理を行うスキル。
・具体的には、電力供給、照明、空調、給排水、防災設備、非常電源、ネットワーク配線などを実施するスキルが該当する。
・特に、宇宙分野では、クリーンルームの温湿度制御、無停電電源、特殊ガス供給など高度な設備要件への対応が求められる。"
建築設計・施工管理,"・宇宙関連施設（組立棟、管制室、試験棟など）の建築設計・施工管理を行うスキル。
・具体的には、構造設計、耐火・耐震設計、クリーンルーム仕様、作業動線設計などを実施するスキルが該当する。
・特に、宇宙分野では、精密機器の組立や試験に対応する高い環境制御性能が求められる。"
建造物設計・管理,"・安全性、機能性、耐久性を加味して建造物の設計や管理を行うスキル。
・具体的には、建築物の設計、構造健全性の確認、設備の稼働状況監視、劣化や損傷の早期発見、必要な補修や更新の手配、法令や安全基準への適合確認などのスキルが該当する。"
情報システム,"・ITシステムの導入・運用・保守やネットワーク管理、IT戦略の策定等を行うことができるスキル。
・具体的には、ネットワーク管理、サーバー構築、業務システムの選定・導入、IT戦略の策定などのスキルが該当する。
・特に、宇宙分野においては、通信システムや衛星運用管制システム等の運用保守や、衛星データの保存・管理が求められる。"
戦略策定,"・外部環境と内部資源を踏まえ、組織や事業の方向性や目標達成に向けた方針の構想・策定を行うことができるスキル。
・特に、宇宙分野においては、国家戦略や国際的な枠組みとの整合性、長期的な技術進展や産業構造の変化を見据えた戦略を構築するスキルが求められる。"
打上管制オペレーション,"・宇宙輸送機の打上げにかかわる通信各局のコントロールをする射場管制業務を行うことができるスキル。
・地上から飛行中のロケットの位置と速度を知るレーダー、動作データを地上に伝えるテレメータ、そして万一の場合に命令を送るコマンドを操りながら、管制システムを用いてロケットを追尾管理する技術や経験などが該当する。"
技術提案,"・技術的な知識を生かして自社製品やサービスを顧客に提案することができるスキル。
・具体的には、製品・サービスの技術仕様を理解した上での顧客のニーズに適合するソリューションの構成、提案資料の作成、技術的な裏付けをもった説明・交渉などのスキルが該当する。
・特に、宇宙分野においては、ロケットや人工衛星のシステム、インタフェース、コンポーネント等の仕様を理解し、技術的な内容を顧客の理解レベルに応じて翻訳・言語化し、定量的な根拠をもって提案するスキルが求められる。"
振動・音響試験,・宇宙機システムや搭載機器の実際の使用環境における信頼性・安全性を検証するために、正弦波振動・ランダム振動・音響を発生させ、耐久性や安全性を計測・評価し、必要に応じて設計へと反映することができるスキル。
採用,"・組織の人材ニーズを特定し、人材を募集・選定・採用することができるスキル。
・具体的には、募集要件の策定、面接・選考の実施、技術系人材のスキル評価、グローバル人材の採用対応などのスキルが該当する。"
接着作業,"・接着剤で部品や構成品を接着し固定することができるスキル。
・接着剤に応じた工程管理や、接着前の脱泡作業が必要であり、業務にあたるうえで技能講習の受講が望ましい。"
放射線試験,"・宇宙放射線に対する電子機器の耐性を確認する試験を行うことができるスキル。
・具体的には、放射線の累積による電子部品の劣化、高エネルギーの粒子が当たることによる誤動作評価などのスキルが該当する。"
数値データ解析技術,"・人工衛星から送信される数値データを数理統計や多変量解析、可視化技術を用いて解析し、意味のある情報の抽出・分類・評価を行うことができるスキル。
・具体的には、線形代数・微積分・集合論等の数学的知識に基づき、多変量解析（主成分分析、因果推論等）、データ準備（クレンジング、特徴量エンジニアリング等）、可視化（グラフ作成、意味抽出等）などのスキルが該当する。
・特に宇宙分野においては、衛星観測データや運用ログの傾向分析、異常検知、予測モデル構築、利用者向けレポート作成等において必要となる。"
整備性設計,"・回収・再使用を見据え、維持・修理等の保守の観点を考慮した設計を行うことができるスキル。
・具体的には、各種設計・解析項目において、修理の容易さに関する要件を設計要件に反映することができるスキル等が該当する。
・特に、宇宙分野においては、ロケットエンジンの再使用等の検討において、今後さらに重要視される。"
新規顧客開拓,"・新たな顧客層を発掘し、事業機会を創出するスキル。
・具体的には、市場調査、ターゲティング、アプローチ戦略の策定、初期提案・関係構築などのスキルが該当する。
・特に、宇宙分野においては、非宇宙分野との接点を見出し、社会課題と結びつける提案力や、海外顧客開拓を行うための語学力も求められる。"
有人安全,"・有人宇宙活動における搭乗員の生命・健康・行動の安全を確保するための設計・運用・運用支援に関する知識を有し、業務に活用できるスキル。
・具体的には、打上げ・軌道上・帰還時における乗員の安全確保、フェイルセーフ設計、緊急脱出・避難手順、搭乗員の健康管理に関する理解が該当する。
・特に、宇宙分野においては、異常時の迅速な対応と搭乗員保護のための設計配慮が求められる。"
材料規格,"・宇宙機器に使用される材料の種類・特性および、それらの選定・評価に関する規格体系に関する知識を有し、業務に活用できるスキル。
・具体的には、金属・樹脂・複合材等の材料分類、熱・放射線・振動・真空環境に対する物理的・化学的特性、業界標準（ESA ECSS規格、ASTM試験法、JAXA標準等）に基づく材料評価・試験方法・品質管理手法に関する理解が該当する。
・特に、宇宙分野においては、ミッション要求に応じた材料の選定と、国際標準に準拠した信頼性確保が求められる。"
材料設計・解析,"・性能要求に応じて最適な材料を選定・開発するための設計・解析を行うことができるスキル。
・具体的には、金属・セラミックス・ポリマー・一般材・複合材等といった材料から適切な材料を選定し設計に反映するスキルが該当する。
・特に、宇宙輸送機や人工衛星の開発においては、高い信頼性・安全性要求を満たす前提のもと、強度や熱許容性・耐久性・腐食性・軽量性等の観点から材料を設計・解析するスキル等求められ、複合材等に関する知識を有することが望ましい。"
構成管理（コンフィギュレーション管理）,"・宇宙関連製品・システムの構成情報（コンフィギュレーション）を体系的に管理し、変更の影響を統制することができるスキル。
・具体的には、構成識別、変更管理、構成監査、構成ステータスの記録などのスキルが該当する。
・特に、宇宙分野においては、ロケットや人工衛星、地上システムなどの構成要素がその目的ごとに変更されるため（例：国際宇宙ステーション向けのロケットは宇宙飛行士が乗るケースと物資輸送のケースとで構成が変わる等）、国際共同開発における情報整合性の確保や、性能情報や変更履歴の厳密な管理が求められる。"
構造設計・解析,"・製品等の骨組みや土台等の設計・解析を行うことができるスキル。
・具体的には、材料の選定や形状の設計、トポロジ最適化（最も効率の良い材料配置）、ソフトウェアを使用した解析などのスキルが該当する。
・特に、宇宙輸送機や人工衛星の開発においては、振動環境条件、安全余裕、座屈、静的剛性、動的剛性、圧力、熱、機械的結合部、アラインメント設計（物事や要素を特定の基準や目的に合わせて並べたり調整したりすること）、寸法安定性、疲労、損傷許容性、打撃損傷、軌道上環境による材料劣化、腐食・応力腐食、コンタミネーション防止、メテオロイド及びデブリに対する防護など、多岐にわたる要件を考慮した設計・解析が求められる。"
標準化対応,"・製品・サービス・システムを特定の基準や規格へ準拠（適合）させることができるスキル。
・具体的には、標準規格に基づいた自社規格の設定、現状分析、改善計画の策定、実行・監視などのスキルが該当する。
・特に、宇宙輸送機や人工衛星のコンポーネントの開発において、ISO等の標準規格に基づく開発・製造が求められる。"
機械学習・深層学習（AI）,"・AIアルゴリズムにデータを学習させ、予測や分類を行うことができるスキル。
・具体的には、教師あり学習・教師なし学習・強化学習・ニューラルネットワークモデル活用などのスキルが該当する。
・特に、宇宙分野においては、衛星画像の自動解析や軌道予測、異常検知などへの応用が進んでおり、高度なAI活用が求められる。"
機械的インタフェース設計・解析,"・異なるシステムや要素間が相互に作用する全体システム（構造・機構）として、適切な要件を満たす機械的インタフェース（寸法・荷重・電力・信号・接地等）の設計・解析を行うことができるスキル。
・具体的には、各システムの使用環境や荷重条件、質量特性、寸法等を加味した全体最適化などのスキルが該当する。
・特に、宇宙輸送機や人工衛星の開発においては、宇宙輸送機と衛星フェアリングとの機械的インタフェース、宇宙輸送機と衛星分離部との機械的インタフェース設計が求められる。"
機械設備管理,"・建物内の環境を維持するための機械的システムや装置の整備・維持・運用を行うことができるスキル。
・具体的には、空調設備や、換気設備、給排水設備、衛生設備、消火設備等の整備・維持・運用などのスキルが該当する。"
機構設計・解析,"・製品等の内部構造や動作メカニズムの設計・解析を行うことができるスキル。
・具体的には、材料選定、部品の配置・形状・動作メカニズムの設計、ソフトウェアを使用した解析などのスキルが該当する。
・特に、宇宙輸送機や人工衛星の開発においては、精度設計や駆動設計、寿命設計、トライポロジー等の設計・解析が求められる。"
機能性能試験,"・システムやソフトウェアが設計通りの機能・性能を示すか実証することができるスキル。
・特に、宇宙輸送機や人工衛星が、設計した要求通りに機械的・電気的な機能や性能の実証に向けた試験計画策定や試験実施などのスキルが該当する。"
気象予測・判断,"・将来の天気や気象現象の予測を行うことができるスキル。
・具体的には、観測データの収集、モデル計算・解析などのスキルが該当する。
・特に、宇宙輸送機の打上時において、気象予測が打上げを決行するか否かの判断材料となる。"
流体制御設計・解析,"・構造設計や機構設計の段階において、流体の流れを制御するためのシステムや部品の設計・解析を行うことができるスキル。
・具体的には、流体移動の効率化、圧力・温度設計、ソフトウェアを使用した解析などのスキルが該当する。
・特に、宇宙輸送機や人工衛星の液体推進システムの開発においては、液体推進システムの特性（化学性、圧力、温度、清浄度等）を踏まえた設計・解析が求められる。"
清浄度管理（コンタミネーション管理）,"・製造・試験・運用のプロセスにおいて、空気中の微粒子や微生物などの汚染物質を、定められたレベル以下に維持・管理することができるスキル。
・具体的には、クリーンルームの運用、作業者の衛生管理、材料・部品の洗浄・保管、汚染測定・評価などのスキルが該当する。
・特に、宇宙分野においては、機器の性能確保のため、極めて高い清浄度管理が求められる。"
渉外力,"・外部関係者との交渉・調整を円滑に行うことができるスキル。
・具体的には、投資家や海外パートナー、行政機関、地域住民など多様なステークホルダーとの関係構築、政策提言、調達・施設運営に関する交渉・調整などのスキルが該当する。
・特に、宇宙分野においては、射場や工場の設置・運用に関する地元組織との調整や、国際的な枠組み・規制を踏まえた渉外活動において、文化的・制度的背景を理解した上での柔軟かつ戦略的な対応力が求められる。"
測量・読図,"・測量および地図情報の読解に関する知識を有し、業務に活用できるスキル。
・具体的には、座標系・基準点・測位技術、地形図・衛星画像の読解、地図記号・縮尺に関する理解が該当する。
・特に、宇宙分野においては、地上観測や衛星データの位置情報の正確な把握が求められる。"
溶接作業,"・金属材料を、加熱・加圧・加振等により接合することができるスキル。
・業務にあたるうえで技能講習の受講が望ましい。"
無線通信,"・無線通信の原理および通信設計に関する知識を有し、業務に活用できるスキル。
・具体的には、周波数帯・変調方式・アンテナ設計、人工衛星通信プロトコル、地上局との通信リンク設計に関する理解が該当する。
・特に、宇宙分野においては、人工衛星と地上局間の安定した通信リンクの構築が求められる。"
熱試験,・宇宙機システムや搭載機器の実際の使用環境における信頼性・安全性を検証するために、想定される温度環境下での真空試験もしくは温度サイクル試験を設計・実施することができるスキル。
熱／熱制御設計・解析,"・基本設計や詳細設計の段階において、部品やシステム全体の温度管理に関する設計・解析を行うことができるスキル。
・具体的には、材料の熱物性や部品の発熱特性を踏まえ適切な温度を維持できるよう、手計算やソフトウェア解析を用いて設計を行うことができるスキルが該当する。
・特に、宇宙輸送機や人工衛星の開発においては、打上げ環境や軌道上環境における熱的環境条件を加味したうえで、温度条件等の熱設計・解析や熱インタフェース設計・解析が求められる。"
燃焼試験,"・ロケットエンジンや化学スラスタ（推進器）を燃焼させ、圧力・温度・推力を測定し、宇宙輸送機や人工衛星における推進器（スラスタ）の機能・性能の実証を可能にする試験を計画・実施するスキル。
・場合によっては、高圧ガスを扱うため、資格が必要となる。"
生産管理,"・製品の生産活動を計画・調整・監視し、品質・コスト・納期を最適化することができるスキル。
・具体的には、生産計画の立案、資材・設備の手配、進捗管理、在庫管理、品質保証などのスキルが該当する。
・特に、宇宙分野においては、宇宙機の量産化に向けた生産管理の能力が求められる。"
画像処理・解析技術,"・人工衛星から送信される画像データを解析・補正し、意味のある情報の抽出・分類・評価を行うことができるスキル。
・具体的には、放射補正、幾何補正、大気補正、ノイズ除去などの前処理に加え、物体検出、セグメンテーション、分類モデル構築、変化検出などの解析処理などのスキルが該当する。
・特に、宇宙分野においては、リモートセンシング衛星の画像前処理から災害監視、農業モニタリング、都市解析などの応用解析まで、幅広い場面で必要となる。"
知的財産戦略策定,"・事業活動における知的財産の取得・活用・保護に関する戦略を策定することができるスキル。
・具体的には、特許・商標・著作権等の取得方針の策定、技術開発との連携、ライセンス戦略の構築、他社権利との競合回避、知財ポートフォリオの管理などのスキルが該当する。
・特に、宇宙分野においては、国際共同開発や企業間での技術開発、デュアルユース技術の扱いにおいて、知的財産の保護と活用を両立させる戦略策定が求められる。"
知的財産権管理,"・知的財産権の取得判断、申請手続き、侵害監視、活用方法の検討、他者権利との抵触調査を行うことができるスキル。
・具体的には、特許の取得可否判断、申請書類の作成・提出、他社特許の調査、侵害リスクの監視、ライセンス活用などのスキルが該当する。
・特に、宇宙分野においては、新技術・新機構の特許取得や、国際的な知財戦略の策定、共同開発時の権利分配において必要となる。"
社会実装化,"・技術やサービスの社会への展開・定着に向けた活動を行うことができるスキル。
・具体的には、実証実験の設計・実施、関係機関や地域社会との連携、制度・規制への対応、導入支援等のスキルが該当する。
・特に、宇宙分野においては、新たな技術やサービスの社会的意義や活用方法、期待される効果を明確に示し、制度整備や社会受容性の確保とあわせて、ユーザーの理解と活用意欲を高める取り組みが求められる。"
税務,"・税法に基づき、適切な申告・納税・税務対応を行うことができるスキル。
・具体的には、法人税・消費税等の申告業務、税務調査対応、節税策の検討などのスキルが該当する。
・特に、宇宙分野においては、国際取引や研究開発費に関する税務対応、補助金・助成金の税務処理等が求められる。"
空力・風洞試験,"・宇宙機システムや搭載機器の空力特性を評価するために、風洞設備を用いて流体力学的な挙動を再現・測定し、設計検証もしくは製造検証を行うことができるスキル。
・具体的には、風洞内での圧力分布、揚力・抗力、流れの剥離・遷移等の空力現象の計測・解析を含む。"
空力設計・解析,"・構造設計の段階において、空気力学的特性を最適化するための設計・解析を行うことができるスキル。
・具体的には、空気抵抗や揚力（進行方向に対して垂直に力がかかること。浮揚力。）の設計、ソフトウェアを使用した解析などのスキルが該当する。
・特に、宇宙輸送機の開発において、空気設計・解析が求められる。"
管理会計,"・事業活動の収益性やコスト構造を分析し、経営改善に活用するスキル。
・具体的には、部門別損益管理、原価計算、予算策定・実績分析などのスキルが該当する。
・特に、宇宙分野においては、長期開発プロジェクトや研究開発費の管理において、部門別損益や原価構造の把握が重要となる。"
耐圧試験,・圧力が印加される製品（燃焼室・バルブ・スラスタ等）が、設計した圧力に耐えうるのかの実証する試験を計画・実施することができるスキル。
育成・教育,"・組織の目標や人材の成長段階に応じて育成・教育を行うことができるスキル。
・具体的には、育成カリキュラムの設計、OJT・研修の実施、技術継承の仕組み構築、他業界からの転職者への教育対応などのスキルが該当する。
・特に、宇宙分野においては、専門知識の習得支援や、異業種人材の早期戦力化に向けた教育体制の整備が求められる。"
航法設計・解析,"・宇宙輸送機や人工衛星のシステム性能を加味したうえで、効率的な宇宙機の運用目的達成のための航法アルゴリズムの設計・解析を行うことができるスキル。
・具体的には、センサ情報・軌道データを用いた位置・速度の推定、軌道決定、誘導・制御アルゴリズムの設計などのスキルが該当する。
・特に、宇宙分野においては、GNSS（Global Navigation Satellite System：全地球測位衛星システム。GPSもこの一種。）に依存しない航法手法（星センサによる天体観測、地球・月の視野画像を用いた光学航法、慣性航法等）や、深宇宙・月面探査に対応した自律航法設計が求められる。"
艤装設計・解析,"・宇宙輸送機や人工衛星における各種設備の配置や取り付け、配電網の設計等を行うことができるスキル。
・具体的には、設備・部品の選定、機能性能を最大化する配置設計、電気信号や電力の供給設計・解析などのスキルが該当する。
・特に、宇宙輸送機や人工衛星の開発においては、適用温度や推奨電流等を加味した艤装設計・解析が求められる。"
衛星管制オペレーション,"・衛星運用システムを利用しながら、軌道上の衛星を運用するスキル。
・具体的には、衛星の運用プランを検討するためのシミュレーションツールの利用、ミッションに応じて搭載される機器へのリクエストを実現するためのコンステレーション上でのスケジューリング、衛星へのコマンド送信、衛星からダウンリンクしたミッションデータのデパケタイズ（パケットから元データに復元）、テレメトリデータの可視化などのスキルが該当する。"
衛星運用計画策定,"・基礎的な人工衛星の性質や、人工衛星運用に関するプロセスを理解し、運用体制・手順・スケジュール等を体系的に策定することができるスキル。
・具体的には、運用モードの切り替え手順の設計、定常運用時のコマンド送信計画の作成、通信可視時間に合わせたデータ取得・送信スケジュールの調整、異常発生時のフェイルセーフ対応方針の策定などのスキルが該当する。
・特に宇宙分野では、人工衛星運用の目的や軌道条件に応じた運用設計が人工衛星の性能発揮に直結するため、設計段階からの運用計画策定が重要となる。"
衝撃試験,"・宇宙機システムや搭載機器の実際の使用環境における信頼性・安全性を検証するために、材料や製品に衝撃を与え、耐久性や強度を計測・評価し必要に応じて設計へと反映することができるスキル。
・実際に使用される火工品（分離ボルト等、火薬を用いる機構）を使用した、打ち上げ時における衝撃や搭載機器に関しては落下・ハンマリング等による衝撃再現を含む。"
製品検査,"・製品や部品が設計仕様や品質基準に適合していることを確認するため、寸法・質量・外観・電気的特性などの検査を企画・実施できるスキル。
・具体的には、アッセンブリ・はんだ付け・接着・塗装・ハーネス組付けなどの製造・加工工程後に、測定機器や試験装置を用いて検査を行い、異常の有無を判定する。"
製造工程管理,"・現場の製造工程を計画・監視・改善し、品質・コスト・納期を最適化するスキル。
・具体的には、工程設計、作業手順の標準化、進捗管理、品質保証、リスク対応を遂行するために必要となる、製造プロセスや生産管理の基礎知識、工程設計・改善手法の理解、品質管理・安全管理手法の理解、生産計画ツールや管理システムの活用スキルが該当する。
・特に、宇宙分野においては、宇宙機の量産化に向けた製造工程の設計管理の能力が求められる。"
要件抽出・整理,"・業務やシステムに関する要件の整理・明確化を行うことができるスキル。
・具体的には、ユーザー要求の抽出、機能要件・非機能要件の整理、関係者との合意形成などのスキルが該当する。
・特に、宇宙分野においては、複雑なシステム開発の過程で、多様な関係者と技術的・運用的要件を合意形成する必要がある。"
要求・仕様書作成,"・システムの開発等における要求定義書や仕様書を作成することができるスキル。
・具体的には、ステークホルダー要求の抽出、システム要求への変換に基づいた仕様書の構成・記述、要求管理ツールの活用などのスキルが該当する。
・特に、宇宙分野においては、打上げ・運用制約を踏まえた要求整理や、国際標準に準拠した仕様書作成が求められる。"
計画策定,"・前提となる大上段の戦略に基づき、個別のプロジェクトの推進計画（何を、いつ、だれが、どうするか）の策定を行うことができるスキル。
・特に、宇宙分野においては、多くのステークホルダーを巻き込む長期プロジェクトを推進するための計画策定が求められる。"
設備管理,"・地上設備の安定的な稼働維持に向けて、点検・修理・更新を行うことができるスキル。
・具体的には、整備棟・射点・地上局・搬送設備等の保守計画の策定、異常対応、必要な整備・改修作業などのスキルが該当する。
・必要に応じて電気設備、機械設備などの特定の設備の管理能力に分解される。"
誘導制御系の設計・解析,"・宇宙輸送機や人工衛星が正確に目標の軌道に到達するためのシステムの設計・解析を行うことができるスキル。
・具体的には、センサやアクチュエータの選定・製造、制御アルゴリズムの開発、シミュレーション解析などのスキルが該当する。"
語学力,"・ビジネスシーンにおいて、外国語を使用してコミュニケーションを行うことができるスキル。
・具体的には、外国語による口頭での会話（話す・聞く）、文書の読解・作成（読む・書く）、および会議・交渉・文献調査・契約書対応・国際会議での発表などのスキルが該当する。
・特に、宇宙分野においては、国際的な取引や共同研究、条約・規制の検討、海外顧客・パートナーとの調整など、多様な場面で高度な語学運用スキルが求められる。"
調査・動向把握,"・市場や政策、技術などの動向に関する調査を行うことができるスキル。
・特に、宇宙業界においては、宇宙ミッションの策定や、営業・調達における動向把握が求められる。"
調達マネジメント,"・必要な製品、サービスをプロジェクト外から購入または取得する一連の流れを管理することができるスキル。
・具体的には、調達計画の策定、調達の実施、調達の管理などのスキルが該当する。
・特に、宇宙輸送機や人工衛星の開発においては、国内外の多様なステークホルダーとの調達調整や、海外調達品を日本政府や研究機関と連携しながら調達を行う仕組みづくりが求められる。"
調達品選定・管理,"・プロジェクトに必要な物品・サービスの選定および管理を行うことができるスキル。
・具体的には、調達対象の仕様整理、ベンダー選定、RFP（提案依頼書）の作成、契約条件の調整、納期・品質・コストの管理などのスキルが該当する。
・特に、宇宙分野においては、信頼性・安全性が求められる部品やサービスの調達において、技術仕様の適合性評価や、厳格な納期・品質管理が求められる。"
財務会計,"・企業活動における財務情報の記録・分析・報告を行う技能。
・具体的には、予算策定、原価管理、決算業務、仕訳、財務諸表の作成、監査対応、税務処理などのスキルが該当する。
・特に、宇宙分野においては、研究開発費の管理、国際共同事業における資金調整、政府助成金の会計処理等の場面で必要となる。"
資料作成・文書化,"・業務に関連する技術的・業務的情報を整理し、関係者に共有可能な形で文書化することができるスキル。
・具体的には、報告書・手順書・マニュアル・提案書・仕様書・議事録等の作成などのスキルが該当する。
・特に、宇宙分野においては、技術仕様や運用手順などの専門的文書を、国内外の関係者に正確かつ明確に伝えるスキルが求められる。"
資源マネジメント,"・プロジェクトの完遂に必要な資源（ヒト、モノ、カネ、情報等）を特定・取得・管理することができるスキル。
・具体的には、資源管理計画の策定、活動資源の見積もり、資源の取得、チームの育成・管理、資源コントロールなどのスキルが該当する。
・特に、宇宙輸送機や人工衛星の開発においては、多様な専門性を持った人材のスキルを把握し、必要に応じて人材配置を行うことが求められる。"
資源再生プロセス・技術,"・閉鎖環境下における資源再生プロセスおよびその技術に関する知識を有し、業務に活用できるスキル。
・水・空気・エネルギー等の循環設計、尿・湿気・洗浄水等からの水回収技術、フィルタ・蒸留・電気分解等の処理方式、統合的な資源管理に関する理解が該当する。
・特に宇宙分野では、限られた資源を効率的に循環させるための資源再生システムの構築が求められる。"
資金調達,"・負債や、出資、資産売却、補助金・助成金等を駆使して資本政策の策定・実行を行うことができるスキル。
・具体的には、経営層と連携しながら行う、VC・投資家との交渉、助成金申請、エクイティ・デットファイナンスの計画・実行、さらにプロジェクト単位での予算獲得・コスト管理などのスキルが該当する。
・特に、宇宙分野においては、技術開発や打上げ費用など高額な初期投資に対応するため、VC・政府支援・国際機関との連携による資金調達が重要となる。"
軌道設計・解析,"・宇宙輸送機や人工衛星のシステム性能を加味したうえで、効率的な宇宙機の運用目的達成のための軌道計算・解析を行うことができるスキル。
・具体的には、軌道力学に基づいた打上げ軌道・遷移軌道・運用軌道の設計や、軌道維持・変更に関する解析などのスキルが該当する。
・特に、宇宙分野においては、ミッション要求に応じた軌道選定や、衝突回避・燃料最適化に向けた軌道解析スキルが求められる。"
重機操縦,"・重機（大型機械）の操縦を行うことができるスキル。
・具体的には、フォークリフトやクレーン車等の重機の整備・操縦などのスキルが該当する。
・特に、射場においては、ロケットの輸送に用いるロケット用新型移動発射台運搬台車等の運搬が求められる。"
電子部品静電防止作業,"・宇宙機システムや電子機器の組立・試験において、静電気放電による機器の破壊を防止するために、必要な処置を行うことができるスキル。
・具体的には、静電気対策された作業環境の維持、静電気放電対策（ESD）管理手順の遵守などのスキルが該当する。"
電気コンポーネント（部品）設計・解析,"・宇宙機に搭載される電気系コンポーネント（トランスポンダ、変調器等）の設計・解析を行うことができるスキル。
・具体的には、信号処理・制御回路の設計、シミュレーション、部品選定、EMC対策、実装・試験までを含み、宇宙環境下で高信頼に動作する電気コンポーネントを具現化するスキルが該当する。"
電気推進システム設計・解析,"・人工衛星に用いられるイオンエンジン等の電気推進システムの設計・解析を行うことができるスキル。
・プラズマ物理学や耐熱性・腐食性に関する知識を有していることが望ましい。
※イオンエンジンとは、プラズマを静電加速して推力を得る静電加速型推進器のこと。"
電気的インタフェース設計・解析,"・異なるシステムや要素間が相互的に作用し、全体システムとして適切な要件を満たす動作を行うように設計・解析を行うことができるスキル。
・具体的には電力供給や信号処理等を加味した全体最適化などのスキルが該当する。
・特に、宇宙輸送機や人工衛星の開発においては、電力供給やテレメトリ／コマンド、制御信号、火工品機能、接地、地上支援装置、電気系システムの設計時において、電気的インタフェースの設計が求められる。"
電気設備管理,"・建物内で電力を安全かつ効率的に供給・管理するためのシステムや装置の整備・維持・運用を行うことができるスキル。
・具体的には、配電設備や、非常用電源設備、通信設備、防災設備等の整備・維持・運用などのスキルが該当する。"
電源コンポーネント（パワーエレクトロニクス）設計・解析,"・宇宙機に搭載される電気コンポーネントの中でも、特に電源系コンポーネント（太陽電池パネル、バッテリー、統合化電力制御器等）の設計・解析を行うことができるスキル。
・具体的には、電力変換回路の設計、シミュレーション、部品選定、EMC対策、実装・試験に加え、電力制御アルゴリズムの設計や信頼性解析を通じて、宇宙環境下で高信頼に動作する電源コンポーネントを開発・具現化するスキルが該当する。"
非破壊検査（X線・超音波・浸透探傷）,"・溶接部や接合部の内部欠陥を検出するために、X線、超音波、浸透探傷検査を企画・実施できるスキル。
・溶接作業や接着作業後に実施する。"
飛行安全管理,"・宇宙輸送機の飛行に伴う安全管理を行うことができるスキル。
・具体的には、ロケットや地上系の設備に関して有事を想定したシミュレーションや、打ち上げ当日の気象状況をもとに最終的な飛行経路を算出し、その経路について飛行安全の見地から問題がないか確認するなどのスキルが該当する。"
